lancer%bounce%send%cast%eject%drop%slip%introduce%start up%pitch%toss%fling%throw%chuck%launch%release%hurl%swing%initiate%shoot%start
lancette%lancet
lanceur%thrower
lancier%lancer
landau%baby carriage%perambulator%buggy%pram
lande%moorland%moor%heath
langage%talk%parlance%language%speech%tongue
lange%swaddle%diaper
langue%talk%language%speech%tongue
languette%tongue
langueur%languor
languir%languish%pine%drag%flag%wilt
languissant%depressed%sluggish%languid
lanière%lash%thong%strap
lanoline%lanolin
lanterne%lantern
lanterner%dally%dilly-dally%dawdle
laper%lick
lapidaire%lapidary%terse%pithy
lapidation%stoning
lapider%lapidate%stone
lapin%rabbit%cony%coney
lapsus%trip%slip-up%slip%lapse%bug
laquais%menial%flunky%lacquey%hireling%flunkey%footman%lackey
laque%lacker%varnish%lacquer
laquelle%that
laquer%japan%lacquer
larbin%flunky%flunkey%footman
larcin%thievery%theft%larceny
lard%bacon
larder%lard%interlard
largage%dropping
large%width%goodly%extensive%large%big%broad%sweeping%wide
largement%widely%broadly%wide%extensively%abundantly
largesse%largesse%generosity%largess
largeur%width%broadness%amplitude%breadth
largo%largo
larguer%jettison%slip
larme%teardrop%tear%drop%dash
larmoiement%lacrimation
larmoyant%tearful%maudlin%weepy
larmoyer%whimper%weep%snivel
larron%burglar%shoplifter%thief%robber
larvaire%larval
larve%larvae%grub%larva%maggot
laryngé%laryngeal
laryngien%laryngeal
laryngite%laryngitis
laryngologie%laryngology
laryngoscope%laryngoscope
las%tired%weary%jaded
lascif%prurient%lustful%lewd%unchaste%randy%lecherous%lascivious
lascivité%lust%salaciousness
laser%laser
lassant%tiring%wearing%tedious%boring%humdrum%wearisome%tiresome%stodgy%dull
lasser%fatigue%bore%weary%tire
lassitude%ennui%weariness%tiredness%lassitude
lasso%lasso%lariat
latence%latency
latent%latent%secret
latéral%lateral%side%sideways
latéralement%laterally
latérite%laterite
latin%Latin%latin
latitude%latitude
latrines%latrine
latte%lath
laudatif%laudatory
lauréat%laureate
laurier%laurel%bay
lavable%washable
lavabo%lavatory%toilet%basin%washbowl%sink
lavage%washing%wash%lavement
lavande%lavender
lavé%washed
lave%lava
lavement%washing%enema
laver%wash%bathe%swill%launder
lavoir%laundry
lavure%dishwater
le%the%it%him%this
leader%leader%chief
léchage%licking
lécher%lick
lécheur%toady
leçon%lesson%instruction%class
lecteur%reader%pickup%lector
lecture%perusal%reading
légal%statutory%rightful%legal%lawful
légalement%legally%lawfully
légalisation%legalization%attestation
légaliser%legalise%authenticate%legalize%attest
légalité%legality
légat%legate
légation%legation
légendaire%fabled%legendary
légende%story%caption%legend%fable%key
léger%small%quiet%lightweight%weak%slight%flyaway%thin%flimsy%soft%slim%light%mild%scanty%easy%frivolous
légèrement%rather%slightly%light%lightly%airily
légerement%rather%slightly%a little
légèreté%levity%lightness%airiness%thinness
légiférer%legislate
légion%legion
légionnaire%legionary%legionnaire
législateur%lawmaker%legislator%lawgiver
législatif%legislative
législation%legislation%authentication
législature%legislature
légitimation%legitimation%legitimization
légitime%legitimate%rightful%legal%licit%legit%lawful
légitimement%legitimately%lawfully
légitimer%legitimize%warrant%legitimatize
légitimité%legitimacy
legs%legacy%bequest
léguer%hand down%devise%bequeath%leave
légume%vegetable%veg%vegetables
leitmotiv%leitmotiv%leitmotif
le long de%along%alongside
le moins%least
lendemain%morrow%tomorrow
lénifier%palliate
lénitif%lenitive%soothing%sedative
le nôtre%ours
lent%tardy%sluggish%slow
lente%nit
lentement%slowly%slow
lenteur%slowness%tardiness
lenticulaire%lenticular
lentiforme%lentiform%lenticular
lentille%lentil%lens
léonin%leonine
léopard%leopard
le plus%most
le plus vite%fastest
lèpre%leprosy
lépreux%leper%leprous
lequel%who%which%that
les%the%you%them
lesbien%lesbian
lesbienne%lesbian
lésé%aggrieved
léser%damage%injure
lésine%cheeseparing
lésion%damage%lesion%injury
lesquelles%who%which%that
lesquels%which%that
lessivage%washing%laundering
lessive%washing%wash%laundry%lye
lessiver%scour%leach%launder%clean
lest%ballast
leste%nimble%swift%lissom%agile
létal%lethal
léthargie%sluggishness%lethargy
léthargique%lethargic%sluggish
letton%Lettish%Latvian
lettre%character%missive%letter%document%writing%list
lettré%literate%well-read%lettered%learned%educated%cultured
lettre de change%bill of exchange
lettre recommandée%registered letter
leucémie%leukaemia
leucine%leucine
leucocyte%leukocyte%leucocyte
leucopénie%leucopenia
leur%theirs%their%them
leurre%decoy%bait%lure
leurrer%decoy%lure
leurs%theirs%their
levage%hoist
levain%yeast%leaven
levant%orient%rising
levé%survey
levée%lifting%lift%collection%removal%levy
lever%remove%rise%draw%withdraw%uplift%raise%elevate%lift%rising%heave%collect%plot%rouse%cancel%hoist
lever du soleil%sunrise
levier%lever
levier de vitesse%gear lever
lèvre%labium%lip
lévrier%greyhound%hound
levure%yeast%leaven
lexical%lexical
lexique%lexicon%wordbook%dictionary
lézard%lizard
lézardé%cracked
lézarder%laze
liaison%link%linkage%connection%conjunction%ligature%tie%bind%joining%affair%amour%bond%nexus%liaison
liaisonner%bond
liane%liana
liasse%bundle
libelle%libel%lampoon
libellé%wording
libeller%word%write
libellule%dragonfly
liber%bast%phloem
libéral%generous%liberal%free%broad-minded%open-handed%broad%bountiful%bounteous
libéralisation%liberalisation%liberalization
libéraliser%liberalise%liberalize
libéralisme%liberalism
libéralité%liberality%generosity%bounty
libérant%releasing
libérateur%liberator%rescuer
libération%emancipation%deliverance%release%discharge%enfranchisement%liberation%freeing%lib%dismissal
libéré%released
libérer%redeem%set free%deliver%clear%release%manumit%exempt%unleash%unfreeze%free%liberate
liberté%licence%liberty%freedom
libertin%riotous%rakish%wanton%profligate%licentious
libertinage%profligacy
libraire%bookseller
librairie%bookshop%bookstore
libre%unconstrained%loose%wild%easy%open%unattached%unoccupied%vacant%free%empty
librement%loosely%freely
librettiste%librettist
licence%licentiousness%licence%permission%license
licenciement%dismissal
licencier%dismiss%discharge%cashier
lichen%lichen
licitation%auction
licite%admissible%acceptable
licorne%unicorn
licou%halter
lié%bound%connected%linked
lie%sediment%lees%scum%dregs
liège%cork
lien%link%bond%connection%tie%nexus%connexion
lier%link%pinion%tie%bind%thicken%join%bond%oblige%knit%tie up%connect
lierre%ivy
lieu%location%seat%reason%place%room%locus%site%venue%motive%occasion
lieu de naissance%birthplace
lieue%mile%mi
lieutenant%lieutenant
lièvre%hare
ligament%ligament
ligature%ligation%ligature%binding
ligne%row%fishing line%route%rank%line
lignée%progeny%descendants
ligneux%woody%ligneous
lignite%lignite
ligoter%bind
liguant%uniting
ligué%united
ligue%league
liguer%unite
lilas%lilac
liliacé%liliaceous
limace%slug
limaçon%cochlea%snail
limande%plaice
limbe%limbus
limbes%limbo
lime%file
limer%file
limier%sleuthhound
limitation%circumscription%limit%restriction%confinement%limitation
limite%ambit%frontier%end%border%bound%terminal%boundary%measure%borderline%limit
limité%narrow%limited%circumscribed%finite%scanty%restricted
limiter%narrow%restrict%border%confine%limit%keep down%circumscribe%reduce
limoger%dismiss
limon%slime%mud%ooze%silt
limonite%limonite
limousine%limousine
limpide%limpid%clear
limpidité%limpidity%clearness
lin%flax
linceul%shroud%winding-sheet
linéaire%linear
linéament%lineament
linge%washing%laundry
lingerie%underwear%lingerie
lingot%ingot
linguiste%linguist
linguistique%linguistics%linguistic
liniment%liniment
linoléum%lino%linoleum
linteau%lintel
lion%lion
lionceau%cub
lionne%lioness
liquéfaction%liquefaction
liquéfier%liquefy
liquette%shirt
liqueur%liquor%liqueur
liquidant%liquidating
liquidateur%liquidator
liquidation%reckoning%clearance%closeout%clearing%accounting%settling
liquide%liquid%liquor%fluid%runny
liquidé%liquidated
liquider%settle%sell off%demolish%eliminate%liquidate
liquidité%liquidity%fluidity
lire%read%lira
lis%lily
Lisbonne%Lisbon
lise%quicksand
lisérer%edge%border
lisible%legible%readable
lisiblement%legibly
lisière%fringe%border%edging%selvage%brink%rim%margin%edge%brim
lisse%level%even%unruffled%warp%smooth%flat
lisser%polish%burnish%stroke%smooth%slick%glaze%sleek
liste%listing%catalog%catalogue%schedule%calendar%register%roster%list
liste noire%blacklist
lit%couch%bed
litanie%litany
literie%bedding
lithium%lithium
lithographie%lithography%lithograph
lithographique%lithographic
litière%litter
litige%dispute%litigation
litre%litre%liter
littéraire%literary
littéral%literal
littéralement%literally%literatim
littérature%literature%letters
littoral%seashore%littoral%coast%shore%offshore%seaboard
lituanien%Lithuanian
liturgie%liturgy
liturgique%liturgic%liturgical
livide%livid
livraison%delivery%deliverance%supply
livrant%delivering
livre%quid%pound%book
livré%delivered
livrée%livery
livrer%deliver%dispense%spend%supply%issue%reveal%hand%surrender
livres%books
livresque%bookish
livret%book%libretto
livreur%deliverer%roundsman
lobaire%lobar
lobé%lobate
lobe%lobe
lober%lob
local%room%local
localement%locally
localisant%locating
localisation%location%localization
localisé%located
localiser%situate%pinpoint%place%localize%localise%locate
localité%village%location%place%space%locality
locataire%leaseholder%occupier%tenant%occupant%lessee%renter%lodger
locatif%locative
location%lease%hire%letting%rental%rent%renting
locomotion%locomotion
locomotive%loco%engine%locomotive
locution%locution%phrase
logarithme%logarithm
logarithmique%logarithmic
logé%housed
loge%lodge%gatehouse%quarter%box
logement%lodging%accommodation%quarter%housing%billet%apartment%flat
loger%house%lodge%dwell%quarter%billet%accommodate%live%set
loggia%loggia
logiciel%software
logicien%logician
logiquement%rationally%logically
logis%lodging%abode%dwellings%dwelling%accommodation%residence
logistique%logistical%logistics%logistic
logo%logo
loi%law%rule%statute%act
loin%afar%away%far%afield
lointain%distant%distance%far%remote%faraway%far-flung%far-off%away
loir%dormouse
loisir%spare time%leisure
lombaire%lumbar
long%lengthy%long
longanimité%forbearance
longévité%durability%longevity%lifetime
longitude%longitude
longitudinal%longitudinal
longtemps%for a long time%long
longuement%for a long time%widely%long
longueur%length
longueur d'onde%wavelength
looping%loop
loquace%garrulous%voluble%talkative%loquacious
loquacité%volubility%loquaciousness%loquacity%garrulousness%talkativeness%garrulity
loque%rag%tatter
loquet%latch
lord%lord
lorgnette%spyglass
lorgnon%lorgnette
loriot%oriole
lorsque%when%as%if
losange%rhombus%rhomb%lozenge
lot%lot%allotment%rate%parcel%share%plot%fate%prize
loterie%lottery%draw
lotion%lotion
lotionner%wash
lotir%parcel out%divide%apportion
lotissement%building plot%allotment
loto%lotto%bingo
lotte%burbot
lotus%lotus
louable%laudable%commendable%praiseworthy
louage%hire
louange%encomium%commendation%laud%praise
louanger%praise
louche%queer%shady%cross-eyed%suspicious%fishy%ladle%dipper
loucher%squint
loué%leased%hired%rented
louer%engage%lease%rent%laud%commend%praise%hire out%hire%let%book
loufoque%barmy%wacky
loulou%spitz
loup%wolf%mask
loupe%magnifier%magnifying glass%lens%wen
lourd%grievous%massive%leaden%clumsy%heavy%stodgy%close%unwieldy%oppressive%ponderous%burdensome%cumbersome%onerous%hefty%weighty%difficult%outsize%serious%hard%dull
lourdaud%oaf%clumsy%lumpish%heavy
lourdement%heavily%hard
lourdeur%heaviness%sultriness%gravity
loutre%otter
louveteau%cub
louveter%cub
lové%coiled
lover%coil
loyal%fair%true-blue%staunch%genuine%true%honest%frank%faithful%trustworthy%straight%trusty%loyal%straightforward
loyalement%straightforwardly%fair%loyally%truly%faithfully
loyaliste%loyal
loyauté%genuineness%loyalty%fidelity%honesty%forthrightness%faithfulness
loyer%hire%rental%rent
lubie%caprice%freak%whim%whimsy
lubricité%pruriency%salaciousness%prurience%lechery
lubrifiant%grease%lubricant
lubrification%lubrication
lubrifier%oil%lubricate%grease
lubrique%slippery%prurient%lustful%salacious%lecherous%lascivious
lucarne%skylight%porthole
lucide%perspicuous%pellucid%rational%lucid%clear
luciole%firefly
lucratif%remunerative%lucrative%profitable%gainful
lucre%lucre%profit%proceeds
luette%uvula
lueur%glow%gleam%radiance%flash
luge%sled%toboggan%sledge
luger%toboggan
lugubre%mournful%dismal%sad%lugubrious%bleak%gloomy
lui%him%he%her
luire%shine%glow%glisten%glint%glitter%gleam
luisant%glossy%bright%shining%brilliant%gleaming%shiny%glistening
lumbago%lumbago
lumen%lumen
lumière%luminary%light
luminaire%lighting%luminary
lumineux%lucent%bright%shining%light%luminous
luminosité%lucidity%brightness%luminosity
lunaire%lunar
lunatique%temperamental%capricious%moody
lundi%monday%Monday
lune%moon
lune de miel%honeymoon
l'un et l'autre%both
lunette%telescope%binoculars
lunettes%goggles%glasses%spectacles
lupanar%brothel
lupin%lupine%lupin
lustré%glossy%sheeny%polished%shiny%glazed%lustrous
lustre%polish%sheen%lustre%glossiness%gloss%chandelier%brilliance%luster%glaze%brilliancy
lustrer%polish%glaze
luth%lute
luthérien%lutheran
lutin%leprechaun%sprite%puck%pixie%fairy%pixy%brownie%gnome%imp%gremlin%hobgoblin%elf%goblin
lutte%fighting%fight%contest%battle%wrestling%match%conflict%tussle%contention%struggle
lutter%strive%fight%contest%battle%war%combat%wrestle%struggle%agonize%contend
lutteur%wrestler%fighter
luxe%luxury
luxurieux%lustful%randy%lecherous%lascivious
luzerne%lucerne%alfalfa
lycée%secondary school%lyceum%grammar school
lymphatique%lymphatic
lymphe%lymph
lymphocyte%lymphocyte
lynchage%lynching
lyncher%lynch
lyre%lyre
lyrique%lyrical%lyric%lyricist
lyrisme%lyricism
lysine%lysine
m%m
m'%me
ma%my
maboul%loco
macabre%grim%gruesome%grisly%horrible
macadam%macadam
macaque%macaque
macaroni%macaroni
macération%maceration
macérer%steep%macerate
mâchant%chewing
mâchefer%clinker
mâchement%chewing
mâcher%chew%masticate%munch%bite
machette%machete%cutlass
machin%thingummy
machinal%mechanical
machinalement%mechanically
machination%machination%contrivance
machine%engine%machine
machine pneumatique%air-pump
machiner%engineer
machines%machines%machinery
machiniste%machinist%stagehand
mâchoire%mandible%jawbone%jaw%jowl
mâchurer%stain%blur
maçon%mason%bricklayer
macon%mason
maçonner%mason%build
maçonnerie%masonry%brickwork
maconnerie%masonry
maçonnique%masonic
macrocosme%macrocosm
macromolécule%macromolecule
macroscopique%macroscopic
macrostructure%macrostructure
maculer%stain%smudge%smear%blur
madame%madam%lady%woman%wife%madame%signora%Mrs%mistress
mademoiselle%miss%mademoiselle%Miss%maid
madone%madonna
madré%crafty
madrier%plank%board%timber
mafia%maffia%mafia
magasin%magazine%storehouse%shop%store%warehouse%business%storeroom
magasinage%warehousing%storage
magasinier%storekeeper%warehouseman
magazine%magazine%periodical%journal
mage%wizard%magus%magician
magicien%wizard%warlock%conjuror%conjurer%magus%magician
magie%magic%wizardry%witchery%witchcraft
magique%magic%magical
magiquement%magically
magistral%masterly
magma%magma
magmatique%magmatic
magnanime%magnanimous%generous
magnat%tycoon%magnate%baron%mogul
magnésie%magnesia
magnésium%magnesium
magnétique%magnetic
magnétiquement%magnetically
magnétisation%magnetisation%magnetization
magnétiser%mesmerize%hypnotize%magnetize
magnétisme%pull%magnetism
magnétite%magnetite%lodestone
magnétophone%tape-recorder%tape recorder%recorder
magnétoscope%video recorder%magnetoscope
magnificence%splendor%splendour%magnificence%glory%grandeur
magnifier%extol%praise
magnifique%wonderful%gorgeous%flamboyant%glorious%grandiose%fine%rich%great%lovely%superb%marvellous%mighty%splendiferous%beautiful%grand%magnificent%splendid%brilliant%showy%terrific
magnifiquement%superbly%finely
magot%hoard
maharajah%maharajah
maharani%maharani
mai%may%May
maigre%skinny%pitiful%slim%lean%scrawny%stingy%gaunt%meagre%slight%miserable%thin%poor%slender%wan%spare%meager
maigreur%leanness%thinness
maigrir%lose weight%thin%slim
maille%eye%stitch%loop
maillet%mallet%mace%sledgehammer%maul
maillot%undershirt%singlet%jersey%shirt
maillot de bain%bathing-suit%swimming trunks%bathing suit%bathing trunks
maillot de corps%undershirt%vest
main%hand
mains%hands
maintenant%presently%currently%now%nowadays%at present
maintenir%retain%vindicate%maintain%keep up%sustain%uphold%service%hold%keep%conserve%preserve
maintien%behaviour%bearing%carriage%deportment%maintenance%demeanour%manner%retention
maire%provost%mayor
mairie%town hall
maïs%maize%corn
mais%only%yet%but%however
maison%house%establishment%place%firm%concern%household%building%company%home
maison de commerce%firm%company
maître%owner%adept%leader%master%ruler%boss%lord%maestro%proprietor
maîtresse%instructress%woman%schoolmistress%lover%teacher%paramour%mistress
maîtrise%mastership%mastery%control
maîtriser%govern%master%restrain%rule%contain%hold in%tame%command%control%dominate
majesté%stateliness%majesty%grandeur
majeur%sizable%senior%major
majoritaire%majority
majorité%majority
maki%lemur
mal%pain%trouble%sickness%wrongly%disease%bad%badly%wrong%ill%hurt%ache%amiss%evil%malady%illness
malachite%malachite
malade%poorly%inmate%ill%patient%diseased%unsound%sick%unhealthy%unwell%sickly%ailing%invalid
maladie%trouble%sickness%complaint%malady%illness%disease%disorder%ailment
maladif%unwholesome%unhealthful%unsanitary%sick%unhealthy%unsound%unwell%sickly
maladresse%gaucheness%maladroitness%clumsiness%awkwardness
maladroit%left-handed%awkward%unskilful%unhandy%clumsy%lumpish%butterfingers%heavy-handed%maladroit%ungainly%unwieldy%ponderous%gauche%gawky%butterfingered%elephantine
maladroitement%clumsily
malais%Malay
malaisé%difficult%hard
malaise%queasiness%unrest%sickness%qualm%malaise
malappris%uncouth%ill-bred%boorish
malchance%misfortune%mischance%bad luck%mishap
mal de mer%seasickness
mâle%male%bull%manly%cock%virile%manlike%man%masculine%buck
malédiction%oath%malediction%imprecation%curse
maléfique%baleful
malentendu%misapprehension%misunderstanding
malfaisant%noisome%maleficent%harmful%wicked%malignant
malfaiteur%malefactor%criminal%wrongdoer%offender
malgré%despite
malhabile%unskilful%clumsy
malheur%adversity%trouble%misfortune%accident%misadventure%infelicity%woe
malheureusement%unhappily%unluckily%unfortunately%regrettably
malheureux%unfortunate%wretched%woeful%miserable%infelicitous%ill-fated%unlucky%poor%inauspicious%luckless%unhappy
malhonnête%dishonest
malice%devilment%malice%wickedness%mischievousness
malignité%malignancy%malice%malignity
malin%tricky%clever%crafty%knowing%canny%astute%wily%cunning%sly%smart%sharp%mischievous%cute%malignant
malingre%peaky%puny
malintentionné%malicious%malevolent
malléabilité%pliability%ductility%pliancy%malleability
malléable%pliant%malleable%plastic%tractable%pliable%soft%ductile
mallette%suitcase
malmener%mishandle%manhandle%mistreat%maltreat
malpropre%unclean%dirty%messy%grubby
malpropreté%filthiness%uncleanliness%dirtiness
malsain%unwholesome%insanitary%unhealthful%unsanitary%sick%unhealthy%unsound%insalubrious%sickly
malséant%unseemly%unbecoming%improper%indecent
malt%malt
malter%malt
maltose%maltose
maltraiter%misuse%brutalize%batter%mishandle%manhandle%abuse%mistreat%maltreat
malveillance%malignancy%malice%viciousness%malevolence%malignity
malveillant%vicious%spiteful%malignant%malicious%malevolent
malversation%embezzlement%misappropriation%peculation
maman%mommy%momma%mummy%mum%mamma%mammy%mom%ma%mama
mamelle%teat%breast%udder%dug
mamelon%nipple%hill%tit%knoll%hump%hummock
mamelonné%hilly
mammifère%mammal
mammouth%mammoth
manager%manager
manche%shaft%hilt%neck%stock%sleeve%handle%haft%set
manchette%cuff
manchon%bushing%neck%muff%socket
mandarin%mandarin
mandat%warrant%instruction%authorization%money order%order%authority%commission%command%mandate
mandataire%trustee%mandatary%attorney%representative%mandatory%proxy
mandater%charge%delegate%commission
mandibule%mandible%jawbone%jaw
mandoline%mandolin
mandragore%mandrake
mandrill%mandrill
mandrin%chuck
manège%carrousel%roundabout%carousel%merry-go-round
manette%lever
manganèse%manganese
mangeable%eatable%edible
mangeoire%manger%trough
manger%eat%food%fare%feed%meal
mangeur%eater
mangue%mango
maniabilité%manageability
maniable%manageable%handy
maniaque%maniac
manie%mania
maniement%handling
manier%operate%use%handle%wield%manipulate%manage
maniéré%affected%mannered
manière%way%mode%style%form%fashion%wise%method%manner
manifestant%demonstrator
manifestation%manifestation%march%demonstration
manifeste%obvious%evident%palpable%apparent%manifest%manifesto%overt%patent
manifestement%obviously%evidently%clearly%patently
manifester%show%manifest%demonstrate%evince%exhibit%display
manigance%plot
manille%manila
manioc%cassava
manipulateur%manipulator
manipulation%manipulation%handling
manipuler%rig%handle%manipulate
manivelle%handle%crank
manne%basket
mannequin%mannequin%model%manikin%dummy%mannikin
manoeuvre%gambit%movement%manoeuvre%manipulation%maneuver%handling
manoeuvrer%operate%manipulate
manomètre%manometer
manométrique%manometric
manquant%wanting%missing%absent
manqué%unsuccessful%abortive%failed
manque%want%poverty%shortcoming%scarcity%deficiency%lack%absence%shortage%dearth%paucity%scarceness
manquer%miss%lack%fail%err%be missing
mansarde%garret
manteau%coat%cloak%pall%casing%wrap%overcoat%shell
manucure%manicurist%manicure
manuel%textbook%handbook%manual%guide%guidebook
manufacture%factory%manufacture%manufactory
manuscrit%handwriting%manuscript
manutention%handling
maquereau%mackerel%pimp
maquette%sketch%dummy
maquillage%make-up%makeup
maquiller%fake
maquis%bush
marabout%marabou
marais%morass%marshland%fen%swamp%bog%marsh%quagmire
marathon%marathon
marauder%maraud
maraudeur%marauder
marbré%marbled
marbre%marble
marc%mark
marchand%shopkeeper%tradesman%merchant%trader%salesman%mercantile%dealer%vendor
marchandage%haggling%bargaining
marchander%huckster%palter%bargain%haggle
marchandise%ware%merchandise%commodity%wares
marchant%walking
marche%marching%course%going%walking%progression%progress%working%stair%running%run%drive%march%motion%operation
marché%market%fair%deal%bargain%business%emporium%mart
marchepied%footboard
marcher%operate%function%perform%work%go%run%step%tread%march%proceed%walk
marcheur%walker
mardi%Tuesday%tuesday
mare%pool
marécage%fen%morass%ooze%bog%swamp%marsh%quagmire%slough
maréchal%marshal
marée basse%low tide
margarine%margarine%marge
marge%mark-up%rim%margin%edge%border
marginal%marginal
marguerite%daisy
mari%man%husband
mariage%wedding%marriage%matrimony%match%wedlock%union
marié%groom%wedded%bridegroom%married
mariée%married%bride
marier%marry%wed
marieur%matchmaker
marihuana%marijuana%marihuana
marin%sailor%seaman%sea%mariner%marine%seafarer%rating
marinade%pickle%marinade%souse
mariné%pickled
marine%navy%marine
mariner%steep%marinate%marinade%souse
marinier%seaman
marionnette%puppet%doll%marionette
marionnettiste%puppeteer
marital%marital
maritime%maritime%sea%naval%marine
marjolaine%marjoram
mark%mark
marketing%marketing
marmelade%marmalade%marmelade%jam
marmite%pot
marmiter%strafe
marmonner%mumble%mutter
marmotte%marmot
marmottement%muttering
marmotter%mumble%mutter
marne%marl
maroc%morocco
marquage%marking%labelling
marquant%outstanding%prominent%big
marque%brand%print%imprint%stamp%mark%attribute%kind%evidence%tag%token%sign%hallmark%make%footprint%score%spot%signal%type%label
marqué%labelled%distinct%marked
marquer%signalize%show%appoint%score%indicate%brand%denote%stamp%register%mark%point%record%label%write
marqueterie%inlay
marquis%marquess%marquis
marraine%godmother
marrant%funny
marron%chestnut
mars%march%mars%March
marsouin%porpoise
marsupial%marsupial
marteau%hammer
martelé%hammered
marteler%hammer%knock%pound
martial%martial%warlike
martien%martian
martingale%martingale
martyr%martyr
martyre%martyrdom
martyriser%agonize%martyrize%martyr%torture
mascarade%masquerade%masque
mascotte%mascot
masculin%male%mannish%masculine
masque%disguise%mask
masqué%masked%concealed
masquer%conceal%cover%hide%mask
massacre%pogrom%bloodbath%bloodshed%massacre%butchery%carnage%slaughter
massacrer%butcher%massacre%slaughter
massage%rub%massage
masse%crowd%mob%host%bulk%mace%mass%multitude%populace
massepain%marzipan
masser%massage%knead
masseur%massagist%masseur
masseuse%masseuse
massif%solid%massive%mass
massue%club%bludgeon
mastic%putty
mastication%mastication%chew%chewing
mastiquer%chew%cement%masticate%putty%munch
mastodonte%mastodon
masturbation%self-abuse%masturbation
masturber%masturbate
masure%hovel
mat%lustreless%matt%dim%checkmate%mat%mate%flat%dull
mât%flagpole%pole%mast
matador%matador
match%contest%game%match
matelas%mattress
matelassé%quilted%padded%cushiony
matelasser%pad%quilt
matelassure%padding
matelot%sailor%seaman%rating
mater%master%tame%subdue%break
matérialiser%materialize%actualize%realize
matérialisme%materialism
matérialiste%materialist%materialistic
matérialité%materiality
matériau%stuff%material
matériel%outfit%equipage%apparatus%earthly%corporeal%carnal%tackle%bodily%hardware%stuff%materiel%physical%kit%equipment%material
matériellement%materially
maternel%maternal%motherly%mother
maternellement%maternally
maternité%motherhood%maternity hospital%maternity
mathématicien%mathematician
mathématique%mathematical
mathématiquement%mathematically
mathématiques%mathematics
mathusalem%methuselah
matière%matter%substance%subject%stuff%material
matin%morning%morn
matinal%morning%early%matutinal
matinée%morning%forenoon
matois%sly
matraque%truncheon%club%baton%billy%nightstick%cosh
matraquer%beat up%club
matriarcal%matriarchal
matriarcat%matriarchy
matrice%womb%uterus%matrix
matricer%press
matricule%register
matrimonial%marital%matrimonial
matrone%matron
maturation%maturation%ripening
maturité%ripeness%maturity%matureness
maudire%damn%curse%execrate
maudit%stupid%cursed%accursed%damn%damned
mauresque%moresque
mausolée%mausoleum
maussade%sombre%crabbed%cross%morose%pettish%dreary%grouchy%grumpy%harsh%ill-tempered%unkind%sulky%sullen%glum%peevish%dismal%sour%surly
maussaderie%surliness%sulkiness%sullenness
mauvais%vicious%faulty%bad%black%ill%poor%wrong%evil%wicked
mauve%mallow
mayonnaise%mayonnaise
mazout%fuel oil
mazurka%mazurka
me%me%myself
méandre%meander
mécanicien%machinist%engineer%engine driver%mechanician%mechanic
mécanique%mechanics%mechanical%mechanic
mécanisation%mechanization
mécanisé%mechanized
mécaniser%mechanize
mécanisme%mechanism%machinery%clockwork
mécano%mechanic
méchamment%badly%viciously%meanly%maliciously
méchanceté%devilment%badness%malignancy%cattiness%malice%wickedness%mischievousness%viciousness%devilry
méchant%bitchy%bad%wrong%malign%evil%catty%wicked%malicious%vicious%harsh%spiteful%unkind%mean%naughty%ill%black%poor%mischievous%dark%malignant%nasty
mèche%drill%wick
méconnaissable%unrecognizable
méconnu%unrecognized
mécontent%malcontent
mécontentement%displeasure%discontentment%dissatisfaction%discontent
mécontenter%dissatisfy
mécréant%misbeliever%infidel
médaille%medal
médaillon%medallion
médecin%medic%medico%physician%doctor
médecine%physic%medicine%drug%med
médian%mid%medial%median
médiateur%mediate%mediator%go-between%intermediary
médiation%mediation
médiator%plectrum
médiatrice%mediatrix
médical%medic%medical
médicalement%medically
médicament%physic%medicine%medicament%drug
médiéval%medieval%mediaeval
médiocre%second-rate%poor%mediocre%indifferent%middling%ordinary
médiocrité%second-rater%mediocrity
médisance%scandal
méditant%meditating
méditatif%meditative%thoughtful%ruminative%pensive%contemplative
méditation%meditation%contemplation
méditer%meditate%contemplate%ponder%cogitate%ruminate%think%reflect%muse
méditerranéen%mediterranean
médium%medium
médius%middle finger
médullaire%medullary
méduse%jellyfish%medusa
méduser%stupefy%daze%stun
meeting%meeting
méfiance%distrust%mistrust
méfiant%distrustful%suspicious%mistrustful
mégalithe%megalith
mégalithique%megalithic
mégalomane%megalomaniac
mégalomanie%megalomania
mégaphone%megaphone
mégohm%megohm
mégot%stump%stub%butt
meilleur%superior%better
mélancolie%melancholia%gloom%melancholy
mélancolique%wistful%dreary%melancholiac%melancholic%gloomy%melancholy
mélangé%blended%mixed
mélange%mixture%mix%blend%blending%intermixture%concoction%medley%mixing
mélanger%jumble%stir%mix up%compound%intermix%mix%mingle%shuffle%blend%admix%intermingle%scramble
mélanine%melanin
mélasse%treacle%molasses
mêlée%scrimmage%fray
mêler%mingle%shuffle%blend%mix
mélioratif%meliorative
mélodie%melody%tune
melodie%melody
mélodique%melodic
mélodramatique%melodramatic
mélodrame%melodrama
melon%melon
membrane%pellicle%membrane
membre%member%limb
membres%members
mémé%granny
même%even%same
mémento%memento
mémoire%memory%reminder%retention%remembrance%mind
mémoires%memoir%memoirs%memories
mémorable%memorable
mémorandum%notebook%memorandum
mémorial%memorial
mémorisation%memorization
mémorisé%memorized
mémoriser%memorize
menaçant%impending%sinister%menacing%ominous%threatening%minatory
menacé%threatened%endangered
menace%threat%menace
menacer%threaten%menace
ménage%house%menage%household%family
ménagement%considerateness
ménager%save%make%domestic%spare%manage%economize
ménagère%housekeeper%housewife
ménagerie%menagerie
menant%driving
mendiant%mendicant%cadger%beggar%panhandler
mendicité%begging%beggary
mendier%beg%panhandle%cadge
mené%driven
mener%conduct%lead%direct%guide%rule%take%run%drive%manage
méningite%meningitis
ménisque%meniscus
ménopause%menopause%climacteric
menottes%handcuffs%cuffs%manacle
mensonge%lying%lie%falsehood%untruth
mensonger%untrue%false%untruthful%mendacious
menstruel%menstrual
mensualité%instalment%monthly instalment
mensuel%monthly
mensuellement%monthly
mensurations%measurements
mental%mental
mentalement%mentally
mentalité%mentality
menteur%fibber%pseudo%lying%untruthful%liar%mendacious
menthe%mint
menthol%menthol
mention%mark%reference%mention
mentionné%mentioned
mentionner%mention
mentir%lie%fib
menton%chin
mentor%mentor
menu%small%fractional%slight%thin%menu%slim%slender%petite
menuet%minuet
menuiserie%joinery%woodwork
menuisier%joiner
mépris%disregard%scorn%contempt%disdain
méprisant%scornful%contemptuous
méprise%misapprehension%misunderstanding%blunder%mistake%error
mépriser%flout%disregard%scorn%disdain%despise
mer%sea
mercanti%profiteer
mercantile%commercial%mercantile
mercantiliste%mercantilist
mercenaire%mercenary
mercerie%notions%haberdashery
merceriser%mercerize
merci%thank you%mercy%thank%quarter%thanks
mercredi%wednesday%Wednesday
mercure%mercury%quicksilver
merde%crap%shit
mère%parent%mom%mother
méridien%meridian
méridional%south%meridional%austral%southern
mérite%worth%value%credit%merit%worthiness
mérité%deserved%condign
mériter%earn%merit%deserve
méritoire%meritorious
merlan%whiting
merle%blackbird
merveille%miracle%wonder%marvel%prodigy
merveilleusement%wonderfully%wondrously
