gouverner%govern%navigate%rule%run%steer%command%control%dominate%manage
gouverneur%bailiff%warden%governor
grabuge%noise
grâce%reprieve%mercy%pardon%quarter%grace
gracieux%gracious%charming%graceful
gradation%gradation
grade%degree%grade%rank
gradué%graduated
graduel%gradual
graduellement%progressively%gradually
graduer%gradate%grade%graduate
grain%mote%grain%bean%granule%corn%kernel%whit%particle
graine%grain%granule%seed
grainer%grain%granulate
graissage%lubrication
graissé%oiled
graisse%suet%lard%fat%blubber%grease%lubricant
graisser%oil%lubricate%grease%smear
graisseux%greasily%greasy%fatty%oily
grammaire%grammar
grammatical%grammatical
gramme%gramme%gram
grand%tall%grand%substantial%sizeable%grown%high%large%good%big%considerable%great%wide%spacious%adult
grandement%greatly%sorely%highly
grandeur%magnitude%stateliness%largeness%measurement%majesty%size%bulk%dimension%grandeur%extent%greatness
grandiloquence%bombast%grandiloquence
grandiose%magnificent%grand%grandiose
grandir%grow up%accrue%increase%grow
grandissant%growing%increasing
grange%barn
granit%granite
granite%granite
granitique%granitic
granulaire%granular
granulation%granulation
granule%granule
granuler%grain%granulate
graphique%graphics%chart%diagram%graphical%graphic%graph
graphite%graphite%plumbago%blacklead
graphologie%graphology
graphologue%graphologist
grappe%cluster%raceme%bunch%tuft
gras%fleshy%fat%greasy%fatty%thick%gross
grasseyer%bur
grassouillet%plump
gratification%bounty%bonus
gratifier%gratify
gratis%buckshee%gratis%free%free of charge
gratitude%thankfulness%gratefulness%acknowledgment%appreciation%gratitude
gratter%scrabble%paw%pick%scratch%scrape%claw
grattoir%scratcher
gratuit%gratis%free%gratuitous%complimentary
gratuitement%gratis%free%for free%gratuitously
gravé%incised
grave%grievous%deep%severe%important%heavy%gross%earnest%grave%low%weighty%solemn%serious
gravement%gravely%badly%seriously%severely%sorely
graver%carve%inscribe%incise%engrave
graveur%graver%engraver
gravide%pregnant%gravid
gravier%grit%gravel
gravir%climb%ascend%mount
gravitation%gravitation%gravity
gravitationnel%gravitational
gravité%seriousness%graveness%solemnity%severity%deepness%earnestness
graviter%gravitate
gravure%etching%engraving%picture%image
gré%wish%will%volition
grec%Greek%greek
gredin%scoundrel%rascal%miscreant%rogue
gréer%rig
greffe%graft%registry%transplantation
greffer%transplant%graft
greffier%registrar%recorder
grégaire%gregarious
grégorien%gregorian
grêle%hail
grelot%bell
grelotter%shiver
grenade%pomegranate%grenade
grenadier%grenadier
grenat%garnet
grenier%garner%granary%loft%attic%garret
grenouille%frog
grès%sandstone%gritstone
grésiller%crackle
grève%strike%stoppage%walkout
greve%strike
gréviste%striker%striking
gribouiller%scribble%lubricate%grease%scrawl%doodle
gribouillis%scrawl
grief%complaint%grievance
griffe%talon%nail%claw
griffer%scratch%claw
griffonner%scribble%sketch%scrawl%scratch
grignoter%nibble%gnaw
gril%broiler%grill%gridiron
grillage%roast%grid%calcination%grilling%roasting%grating
grille%grate%grid%grill%grille%grating
grillé%grilled
griller%scorch%roast%burn%broil%calcine%parch%grill%toast
grillon%cricket
grimace%grimace%wince%mow%grin
grimacer%grin
grimper%climb up%creep%climb%scramble%crawl%clamber
grimpeur%climber
grinçant%squeaky%grating
grincement%screech%creak%scratch%grating%creaking%scraping%squeaking%squeak
grincer%scrunch%jar%creak%rasp%squeak%grind
griotte%morello
grippe%flu%influenza%grippe
gris%gray%squiffy%grey%drab
grisâtre%greyish
griser%inebriate%intoxicate
griserie%intoxication
grisonnant%grizzled%greyish
grisonner%grey
grive%thrush
Groenland%Greenland
grog%toddy%grog
grognement%growl%grunt%groan
grogner%snarl%grumble%grunt%grouch
groin%snout
grommeler%mutter%grumble%grunt
grondant%roaring
grondement%roar%rumbling%rumble%peal%boom
gronder%snarl%roar%growl%rumble%peal%grumble
gros%high-powered%strong%rough%heavy%gross%stout%large%high%fat%big%bulky%hefty%great%thick%coarse%wholesale
groseille%currant
grosse%gross
grossesse%pregnancy
grosseur%thickness%largeness%strength%size%bulk
grossier%uncouth%harsh%vulgar%rough%crass%crude%uncivil%gross%boorish%rude%abusive%gruff%low%coarse%raw
grossièrement%crudely%roughly%coarsely%grossly
grossièreté%vulgarity%coarseness%rudeness%crudeness%grossness%indelicacy%scurrility
grossir%magnify%accrue%increase%swell%exaggerate%enlarge%grow
grossissement%growth%magnification%amplification
grossiste%wholesaler
grotesque%ludicrous%farcical%grotesque%ridiculous
grotte%cavern%grotto%cave
grouillement%swarming
grouiller%swarm
groupé%grouped
groupe%division%band%section%battery%group%troupe%company%set%squad%troop%party%gang%unit%batch%block%team%gathering
groupement%group%grouping
grouper%group%concentrate%assort
gruau%groats
grue%crane
grumeau%lump
guano%guano
gué%ford
guéer%ford
guenille%rag
guenon%ape%monkey
guépard%cheetah
guêpe%wasp
guepe%wasp
guère%scarcely%hardly
guéri%cured%recovered
guérir%cure%treat%recover%heal
guérison%recovery%cure
guérissable%curable
guérite%sentry box
guerre%warfare%war
guerrier%martial%warrior%bellicose%warlike
guerroyer%make war
guet%guard%watch
guetter%look out for%watch
gueule%gob%mouth%maw
gueuler%bawl%yell
gui%mistletoe
guichet%window%wicket%counter
guidage%guidance%guiding
guidé%guided
guide%courier%leader%handbook%conductor%guide%guidebook%mentor
guider%conduct%lead%direct%shepherd%guide%drive%pilot%steer%manage
guidon%handlebars%handlebar
guigne%hoodoo
guilleret%lively%perky%cheerful
guillotine%guillotine
guimbarde%jalopy
guindé%prim%stilted%starchy
guinder%raise%hoist
guirlande%garland
guitare%guitar
guitariste%guitarist
gustatif%gustatory
guttural%throaty%guttural
gymnase%gym%gymnasium
gymnaste%gymnast
gymnastique%physical training%gymnastics%gym%gymnastic
gymnosperme%gymnospermous
gynécée%pistil
gynécologie%gynecology%gynaecology
gynécologique%gynaecological%gynecological
gynécologue%gynecologist%gynaecologist
gypse%gypsum
h%h
ha!%ha
habile%adept%able%clever%nifty%handy%skilled%dextrous%skilful%capable%cunning%skillful%expert%deft%adroit%dexterous
habilement%skilfully%adroitly%ably%deftly
habileté%expertness%sleight%art%workmanship%dexterity%capacity%capability%fitness%adroitness%slyness%craft%deftness%skill%qualification%ability
habilité%fitness%ability
habiliter%authorize%enable%authorise%empower%entitle
habillage%dressing
habillé%dressy
habillement%clothing%clothes%dressing%apparel%dress
habiller%wear%cover%clothe%dress
habit%garb%garment%habit%dress
habitable%habitable
habitant%occupier%habitant%occupant%inhabitant%denizen%resident%dweller
habitat%habitat%settlement%home
habitation%abode%dwellings%residency%dwelling%residence%home%habitation
habiter%lodge%inhabit%dwell%occupy%live%reside%stay
habitude%wont%way%use%practice%trick%custom%habitude%habit
habitué%used%accustomed
habituel%wont%regular%routine%common%wonted%used%accustomed%conventional%usual%customary%habitual%ordinary%frequent
habituer%inure%accustom%habituate
hâbler%brag
hâblerie%brag
haché%chopped%minced
hache%ax%axe
hacher%hash%cut%chop%hack%mince
hachis%hash
hachoir%grinder
hachure%hatching
hachurer%shade
haie%hedgerow%hurdle%hedge
haillon%rag
haine%hatred%detestation%hate
haïr%hate%detest
hait%hates
hâlé%suntanned%sunburnt%tanned
haleine%respiration%breath
hâler%tan
haletant%breathless
haleter%puff%pant%chug
halite%halite
hall%lobby%hall%concourse%lounge
hallebarde%halberd
hallier%thicket
hallucination%hallucination
hallucinatoire%hallucinatory
halo%halo
halte%stop%halt%stopover
haltère%dumbbell
hamac%hammock
hameau%hamlet
hameçon%fishhook%bait%fish-hook%hook
hampe%shaft
hamster%hamster
hanche%hip%haunch%coxa
handball%handball
handicap%handicap
handicapé%handicapped
hangar%penthouse%hangar%shanty%shed
hanneton%maybug%cockchafer
hanté%haunted
hanter%haunt%obsess
hantise%obsession
happer%snap up%snap
haras%stud farm
harcelant%nagging%harassing
harceler%trouble%persecute%harass%bedevil%importune%push%pester%badger%harry%worry
hardi%venturesome%bold%pert%audacious%daring%fearless%brave%spirited
hardiesse%audacity%daring%hardihood%boldness
hardiment%boldly
harem%harem
hareng%herring
haricot%haricot
harmonica%harmonica
harmonieusement%harmoniously
harmonieux%concordant%harmonious
harmonisation%harmonization
harmoniser%attune%harmonise%harmonize
harmonium%harmonium
harnachement%harness
harnais%harness
harpe%harp
harpie%harpy
harpiste%harpist
harpon%harpoon
harponner%spear%harpoon
hasard%luck%chance%accident%hazard%fortuity
hasarder%venture%hazard%risk
hasardeux%chancy%hazardous%dicey%unsound%unsafe%risky
hâte%speed%rush%hurry%haste%hastiness
hâter%expedite%hasten%urge%accelerate%hurry%precipitate%quicken%speed up
hâtif%hasty%rash%hurried
hausse%rise%increase%raise%jump
haussement%rise
hausser%heighten%elevate%lift%boost%increase%raise
haussier%bull
haut%loud%upper%tall%lofty%up%high%summit%top%great
hautain%haughty%lofty%supercilious%proud%arrogant
hautbois%oboe
hautement%highly
hauteur%hill%haughtiness%elevation%loftiness%height%nobility%pitch%tallness%altitude
hâve%pinched%pallid%haggard%pale
havre%haven%harbour%harbor
hebdomadaire%weekly
hébergement%lodging%accommodation
héberger%house%accommodate
hébété%stupid
hébéter%daze
hébraïque%Hebrew
hébreu%hebraic%hebrew%Hebrew
hécatombe%slaughter
hectare%hectare
hectolitre%hectoliter%hectolitre
hégémonie%domination%hegemony
hein%what
héler%hail%call
hélice%airscrew%screw%propeller
hélicoptère%helicopter
hélicoptere%helicopter
hélium%helium
hellénique%hellenic
helminthe%helminth
helvétique%Swiss%helvetian
hématite%bloodstone%haematite
hématome%haematoma
hémisphère%hemisphere
hémophilie%hemophilia%haemophilia
hémorragie%bleeding%hemorrhage%haemorrhage
hennir%neigh%whinny
hépatique%hepatic%liverwort
hépatite%hepatitis
heptagone%heptagon
héraldique%heraldic%heraldry%armorial
héraut%herald
herbage%pasture%grassland%grass%grazing
herbe%herb%grass%weed
herbicide%weedkiller%herbicide
herbier%herbal%herbarium
herbivore%herbivorous%herbivore
herboriste%herbalist
herbu%grassy
hercule%strongman%hercules
herculéen%herculean
héréditaire%heritable%inherited%hereditary
hérédité%heredity%heritage%inheritance
hérésie%heresy
hérétique%heretical%heretic
hérissé%shaggy
hérisser%bristle
hérisson%hedgehog
héritage%patrimony%legacy%heritage%heirloom%inheritance
hérité%inherited
hériter%inherit
héritier%heir%inheritor
héritière%heiress%inheritress
hermaphrodite%hermaphroditic%hermaphrodite%androgynous
hermétique%hermetical%airtight%hermetic
hermétiquement%hermetically
hermine%stoat%ermine
hernie%hernia%rupture
héroïne%heroin%heroine
héroine%heroine
héroïque%heroic
héroïsme%heroism
héroisme%heroism
héron%heron
héros%hero
herse%harrow
herser%drag
hertz%hertz
hésitant%hesitating%faltering%hesitant%infirm%irresolute%halfhearted
hésitation%wavering%hesitation%irresolution%hesitancy%hesitance%fluctuation%vacillation
hésiter%wobble%fluctuate%scruple%falter%hang back%waver%hesitate%dither%shilly-shally%stagger%vacillate
hétéroclite%motley%heterogeneous
hétérocyclique%heterocyclic
hétérogène%heterogeneous%inhomogeneous%heterogenous
hétérogénéité%heterogeneity
heure%hour%time
heureusement%luckily%fortunately%happily
heureux%fortunate%lucky%blissful%happy%fortuitous
heuristique%heuristic
heurt%collision%knock%clash%shock%bump%impingement
heurter%strike%knock%impinge%hit%bump%beat%crash%ram
heurtoir%rapper%knocker
hiatus%hiatus
hibernation%hibernation
hiberner%hibernate
hibiscus%hibiscus
hibou%owl
hickory%hickory
hideux%horrid%abominable%hideous
hie%rammer
hier%yesterday
hiérarchique%hierarchical%hierarchic
hiéroglyphe%hieroglyph
hiéroglyphique%hieroglyphic
hilarité%hilarity%hilariousness%mirth
hindi%hindi
hindou%Indian%hindu%hindustani%Hindu
hindouisme%hinduism
hippique%equine
hippodrome%racecourse
hippopotame%hippopotamus%hippo
hirondelle%swallow
hirsute%shaggy
hisser%raise%hoist
histoire%narrative%history%story%tale
histologique%histological
historicité%historicity
historien%historian
historiographie%historiography
historique%historical%historic
historiquement%historically
hivernage%wintering
hivernal%wintry%winterly%winter
hiverner%winter%hibernate
hocher%shake
hochet%rattle
hockey%hockey
hollandais%Dutch%dutchman%dutch
homard%lobster
homéopathe%homoeopath%homeopath
homéopathie%homoeopathy%homeopathy
homéopathique%homeopathic%homoeopathic
homéotherme%warm-blooded
homicide%murder%killing%manslaughter%homicide%homicidal
hommage%obeisance%respect%compliment%homage%tribute%honour%honor
homme%man%one%person%human being%fellow%bloke
homme de science%scientist
homocyclique%homocyclic
homogène%homogeneous
homogénéiser%homogenize
homogénéité%homogeneity
homologation%confirmation%ratification%certification%authentication
homologue%homologous
homologuer%authorize%accept%recognize%certify%ratify%affirm%prove%authenticate%accredit%validate
homonyme%namesake%homonym%homonymous
hongre%gelding
hongrois%hungarian%Hungarian
Hongrois%Hungarian
Hongroise%Hungarian
honnête%above-board%honest%straightforward
honneur%credit%honour%honor
honorable%honourable%worshipful%honorable%respectable%reputable%decent%creditable
honoraire%honorary
honoraires%honorarium%fee
honorer%redeem%dignify%revere%grace%honour%honor%observe%respect
honorifique%honorary
honte%shame%abashment%disgrace%ignominy
honteusement%shamefully
hoquet%hiccough%hiccup
hoqueter%hiccough%hiccup
horaire%timetable%schedule
horde%horde
horizon%horizon%skyline
horizontal%horizontal
horizontale%horizontal
horloge%clock
horloger%clockmaker%watchmaker
hormis%excepted%except for%except%but%besides%apart from
hormonal%hormonal
hormone%hormone
horoscope%horoscope
horreur%abomination%horror%awfulness%abhorrence
horrible%abysmal%dreadful%atrocious%frightful%repulsive%ugly%grisly%terrible%awful%abominable%horrendous%horrific%hideous%ghastly%horrid%appalling%gruesome%lurid%horrible%nasty
hors%except for%apart from
hors de%outside
hortensia%hydrangea
horticole%horticultural
horticulteur%horticulturist
horticulture%horticulture
hospice%hospice%almshouse%workhouse%poorhouse
hospitalier%hospitable%hospital
hospitalisation%hospitalization%hospitalisation
hospitaliser%hospitalize
hospitalité%hospitality%entertainment
hostie%wafer
hostile%hostile%unfriendly%inimical
hostilité%unfriendliness%antagonism%hostility%enmity
hôte%guest%host
hotel%hotel
hôtel%hotel
hôtel de ville%city hall%town-hall%town hall
hôtelier%innkeeper%hotelier
hôtellerie%inn
hôtesse%stewardess%hostess
hôtesse de l'air%air hostess%stewardess
hotte%basket%hood
houblon%hop%hops
houe%hoe
houer%hoe
houppe%tassel%bunch%tuft
hourra%hurrah%hooray%hurray
housse%cover%sheet
housser%cover
huée%outcry
huer%boo%hoot
huile%oil
huilé%oiled
huile d'olive%olive oil
huiler%oil
huissier%bailiff
huit%eight
huitante%eighty
huitième%eighth
huitieme%eighth
hululer%hoot
hum%ahem
humain%human%humane
humainement%humanly
humains%humans
humaniser%humanize
humanisme%humanism
humaniste%humanist%humanistic
humanitaire%humane%humanitarian
humanité%humanness%humanity%mankind%humankind
humble%lowly%humble%meek
humecter%soak%moisten%wet%dampen%dunk%damp
humer%inhale
humeur%spirit%humour%humor%frame of mind%vein%mood%temper%mind
humide%wet%humid%moist%dank%damp%clammy%soggy%watery
humidification%moistening
humidifié%moistened
humidifier%moisten%dampen%moisturize%humidify%damp
humidité%dampness%moisture%moistness%wet%wetness%sogginess%humidity%damp
humification%humification
humiliant%humiliating%mortifying%degrading
humiliation%degradation%humiliation%mortification%abasement
humilié%humiliated
humilier%mortify%abase%humiliate%humble
humilité%meekness%humility%submission%humbleness
humique%humic
humoral%humoral
humoriste%humourist%humorous%humorist
humoristique%humorous
humour%humour%humor
humus%mould%mold%humus
huppe%topknot%hoopoe
huppé%crested
hurlant%howling
hurlement%roaring%roar%bellow%howl%screech%scream%yell%ululation%howling%shrieking
hurler%roar%bellow%bay%howl%squeal%screech%shrill%scream%yowl%ululate%yell%shout%bawl%shriek
hurricane%hurricane
hussard%hussar
hutte%lodge%shanty%cabin%shack%hut
hyalite%hyalite
hybridation%hybridization
hybride%crossbred%mongrel%hybrid%crossbreed
hybrider%hybridize
hydratation%hydration
hydrate%hydrate
hydrater%hydrate
hydraulique%hydraulics%hydraulic
hydravion%flying boat%seaplane%hydroplane
hydre%hydra
hydrocarbure%hydrocarbon
hydrodynamique%hydrodynamics%hydrodynamic
hydrogénation%hydrogenation
hydrogene%hydrogen
hydrogène%hydrogen%h
hydrogéner%hydrogenate
hydrographie%hydrography
hydrolyse%hydrolysis
hydrolyser%hydrolyse
hydromel%mead
hydrophobe%hydrophobic
hydrosphère%hydrosphere
hydrostatique%hydrostatics%hydrostatic
hydrothérapie%hydrotherapy
hydrothérapique%hydropathic
hydrure%hydride
hyène%hyaena%hyena
hygiène%hygienics%hygiene
hygiénique%hygienic%sanitary
hygromètre%hygrometer
hygroscope%hygroscope
hymen%maidenhead%hymen
hymne%hymn%anthem%canticle
hyperbole%hyperbole%hyperbola
hyperbolique%hyperbolic%hyperbolical
hypercritique%hypercritical
hyperglycémie%hyperglycemia%hyperglycaemia
hyperinflation%hyperinflation
hypermarché%hypermarket
hypermétrope%long-sighted%longsighted
hypersensibilité%hypersensitivity
hypersensible%supersensitive%hypersensitive%oversensitive
hypersonique%hypersonic
hypertension%hypertension
hypnose%hypnosis
hypnotique%hypnotic
hypnotiser%mesmerize%hypnotize
hypnotiseur%hypnotist
hypnotisme%hypnotism
hypochlorite%hypochlorite
hypocondriaque%hypochondriac
hypocondrie%hypochondria
hypocrisie%hypocrisy
hypocrite%two-faced%sanctimonious%double-faced%insincere%hypocritical%hypocrite
hypoderme%hypodermis
hypodermique%hypodermic
hypophyse%hypophysis%pituitary
hypoténuse%hypotenuse
hypothèque%mortgage%hypothec
hypothéquer%mortgage
hypothermie%hypothermia
hypothèse%supposition%surmise%hypothesis%assumption
hypothétique%hypothetic%hypothetical%conjectural
hystérie%hysteria
hystérique%hysteric%hysterical
i%i
iambe%iambus%iamb
ibère%Iberian
ibérique%iberian%Iberian
ibis%ibis
ichtyologique%ichthyological
ici%over here%here%hither%herein
icône%icon
iconoclaste%iconoclast
iconographie%iconography
iconographique%iconographic
idéal%ideal
idéalement%ideally
idéalisation%idealization
idéalisé%idealized
idéaliser%idealize
idéalisme%idealism
idéaliste%idealist%idealistic
idée%thought%view%idea%fancy%notion%mind%concept%image%fantasy
identifiable%identifiable
identification%id%identification
identifié%identified
identifier%identify
identique%like%identic%uniform%identical
identiquement%identically
identité%oneness%identity
idéogramme%ideogram%ideograph
idéologie%ideology
idéologique%ideological
idéologue%ideologist
idiomatique%idiomatic
idiome%language%tongue
idiosyncrasie%idiosyncrasy
idiot%idiotic%bonehead%idiot%half-witted%asinine%foolish%fool%tomfool%dimwit%stupid%nitwit%jackass%moron%imbecile%fatuous%silly%dimwitted%mindless%booby%gormless%moronic%dunce%dullard%daft
idiotie%idiocy%stupidity
idiotisme%idiotism%idiom
idolâtre%idolatrous
idolâtrer%idolize%worship
idolâtrie%idolatry
idole%idol
idylle%idyll
idyllique%idyllic
if%yew
igloo%igloo
ignifuge%fireproof%nonflammable
ignoble%base%infamous%ignominious%foul%low-down%shameful%despicable%ignoble%vile
ignominie%shame%opprobrium%ignominy
ignorance%nescience%ignorance%unfamiliarity
ignorant%unaware%nescient%ignoramus%ignorant
ignorer%ignore
il%he
île%isle%island
il écrit%writes
iléon%ileum
illégal%unlawful%illegal%lawless%illicit
illégalement%unlawfully%illegally
illégalité%lawlessness%illegality
illégitime%unlawful%misbegotten%illegitimate
illégitimité%illegitimacy
illettré%illiterate%unlettered
illicite%unlawful%illicit
illimité%absolute%unconfined%unbounded%endless%boundless%unlimited%indefinite%illimitable%unrestricted%limitless%infinite
illisible%unreadable%illegible
illogique%illegitimate%illogical
illogisme%illogicality
illumination%lighting%illumination
illuminé%illuminated
illuminer%enlighten%illuminate%light%irradiate
illusion%illusion%delusion%phantasm
illusionniste%illusionist
illusoire%specious%illusive%delusive%fallacious%illusory%deceptive%delusory
illustrant%illustrating
illustrateur%illustrator
illustration%illustration%picture
illustré%illustrated%pictorial
illustre%renowned%illustrious%glorious%famous
illustrer%explain%exemplify%illustrate
îlot%island
ils%they
il y a longtemps%long ago
image%vision%figure%frame%metaphor%picture%image
imagé%graphic
imaginable%conceivable%imaginable%thinkable
imaginaire%notional%imaginary%fantastic%supposed%phantom%assumed%fanciful%fancied
imaginatif%imaginative
imagination%phantasy%imagination%fantasia%fancy%fantasy
imaginer%imagine%devise%ideate%think%fancy%conceive%see
imbattable%unbeatable
imbécile%idiotic%imbecilic%imbecile%silly%idiot%fool%stupid%twit%moronic%nitwit%moron
imbécillité%imbecility
imberbe%beardless
imbiber%soak%wet%impregnate%imbibe
imitable%imitable
imitateur%mimic%impersonator%copycat%imitator
imitation%mimicry%imitation%impersonation%sham
imité%imitated
imiter%imitate%copy%impersonate%mock%mimic%emulate%fake
immaculé%spotless%undefiled%immaculate%stainless
immanence%immanency%immanence
immanent%immanent
immangeable%unpalatable%uneatable%inedible
immatériel%immaterial
immatriculation%matriculation
immatriculé%matriculated
immatriculer%matriculate
immature%immature%unripe
immaturité%immaturity
immédiat%immediate%instant%unhesitating%prompt
immédiatement%right away%at once%immediately%momentarily%instantly%forthwith%directly
immémorial%immemorial
immense%tremendous%enormous%towering%colossal%unbounded%monstrous%great%immense%vast%huge
immensément%immensely%vastly%hugely
immensité%immenseness%vastness%immensity
immergé%submerged%immersed
immerger%submerge%immerse%dip%souse%sink
immérité%unmerited%unearned%undeserved
immersion%submersion%immersion%dip
immeuble%tenement%edifice%building%realty%immovable%real
immigrant%immigrant
immigration%immigration
immigré%immigrant
immigrer%immigrate
imminent%imminent%threatening
immobile%immobile%fixed%stationary%motionless%still
immobilier%immovable
immobilisation%immobilization%shutdown
immobiliser%lock%immobilize
immobilité%immobility%stillness
immodéré%inordinate%immoderate
immodeste%immodest
immoler%immolate%sacrifice
immonde%foul%unclean%squalid%filthy
immondices%trash%rubbish%filth%garbage%refuse
immoral%wrong%immoral%abandoned
immoralité%immorality
immortaliser%immortalize%eternalize
immortalité%immortality
immortel%deathless%immortal
immuable%unchanging%unchangeable%unalterable%changeless
immunisation%immunization%immunisation
immunisé%immune
immuniser%immunize
immunité%immunity
immunologie%immunology
impact%impact
impalpable%impalpable
impardonnable%unpardonable%unforgivable
imparfait%incomplete%imperfect%faulty
imparfaitement%imperfectly
impartial%unbiassed%dispassionate%impartial%unbiased
impartialité%impartiality
impartir%give
impasse%blind alley%impasse%dead end
impassibilité%impassiveness%impassibility%impassivity
impassible%impassive%unmoved%stolid%imperturbable%emotionless
impatience%eagerness%impatience
impatient%restless%anxious%impatient%agog
impayé%unpaid
impeccable%perfect%faultless%impeccable%immaculate%flawless%clean
impeccablement%impeccably
impédance%impedance
impénétrable%impervious%impenetrable%unfathomable%inscrutable
impensable%unthinkable
imper%raincoat%mac
impératif%imperative
impératrice%empress
imperceptible%inaudible%imperceptible
imperfection%shortcoming%deficiency%flaw%incompleteness%absence%blemish%defect%imperfection%fault
impérial%imperial
impérialisme%imperialism
impérialiste%imperialist%imperialistic
impérieux%stringent%pressing%urgent%imperative
impérissable%imperishable%deathless%undying
imperméabilité%impermeability
imperméable%impervious%waterproof%impermeable%raincoat%weatherproof%rainproof
impersonnel%impersonal
impertinence%impudence%sauce%insolence%impertinence%effrontery%cheekiness%sauciness%cheek
impertinent%sassy%impertinent%presumptuous%saucy%cheeky%brash
imperturbable%unshakable
impétigo%impetigo
impétuosité%impetuousness%rashness%vehemence%impetuosity
impie%ungodly%impious%godless%blasphemous%unholy%profane
impiété%impiety
impitoyable%merciless%relentless%pitiless%unforgiving%hardhearted%ruthless%unmerciful%remorseless
implacable%unrelenting%merciless%inexorable%implacable%unforgiving%remorseless
implantation%implantation
implanté%implanted
implanter%insert%implant%plant%establish%implement
implication%implication
implicite%implicit%implied
implicitement%implicitly
impliquant%involving
impliqué%involved
impliquer%entangle%involve%imply%implicate
implosion%implosion
impoli%impolite%uncivil%discourteous
impolitesse%rudeness%discourtesy%impoliteness%incivility
impopulaire%unpopular
impopularité%unpopularity
importance%stress%magnitude%significance%importance%consequence%worth%meaning%import%weight%scale%calibre
important%substantive%substantial%important%extensive%main%momentous%high%prominent%big%considerable%significant%great%major%serious
importateur%importer
importation%importing%importation%import
importé%imported
importer%import
importun%unwelcome%intrusive%bothersome%obtrusive%officious%importunate%interfering%insistent
importuner%importune%push%pester%molest%bother%disturb
importunité%obtrusiveness%molestation%importunity
imposable%ratable%rateable%assessable%taxable
imposant%majestic%grand
imposer%enforce%assess%place%impose%tax%force%push%obtrude%deposit%set
imposition%imposition%assessment%taxation
impossibilité%impossibility
impossible%fantastic%impossible
imposteur%fraud%impostor%fake
imposture%fraud%imposture%fake
impôt%imposition%tax%levy%impost
impotent%impotent%paralysed%infirm
impraticabilité%impracticability
impraticable%impassable%impracticable%unfeasible%unworkable
imprécation%malediction%imprecation%curse
imprécis%indefinite%vague%indeterminate%inaccurate%imprecise
imprégnation%impregnation
impregner%impregnate
imprégner%soak%pervade%fill%impregnate
imprenable%impregnable%unassailable
impréparation%unpreparedness
impresario%impresario
impression%feeling%printing%effect%print%impression%imprint
impressionnable%touchy%responsive%impressionable%sensitive
impressionnant%imposing%spectacular%impressive
impressionné%impressed
impressionner%wow%impress
impressionnisme%impressionism
impressionniste%impressionist%impressionistic
imprévoyance%improvidence
imprévoyant%shortsighted%short-sighted%improvident
imprévu%abrupt%unforeseen%unexpected
imprimante%printer
imprimé%printed%form%print
imprimer%publish%impress%print%imprint
imprimerie%printing works
imprimeur%printer
improbable%improbable%unlikely
improductif%barren%unproductive
impromptu%improvised%impromptu%extemporaneous%extempore
imprononçable%unpronounceable
impropre%unfit%inapt%wrong%inappropriate%unsuitable%improper%unsuited
impropriété%inaccuracy%unfitness%impropriety%incorrectness
improvisateur%improviser
improvisé%improvised%ad-lib%unprepared%offhand%extemporaneous%extempore
improviser%ad-lib%extemporize%improvise
imprudemment%imprudently%carelessly
imprudence%unwisdom%imprudence%unwariness%carelessness
imprudent%incautious%rash%imprudent%careless%unwary%injudicious%unadvised
impudence%impudence%shamelessness%impertinence
impudent%barefaced%shameless%impertinent%impudent%unashamed%cheeky%insolent%brazen
impudique%shameless%immodest%wanton%unchaste%indecent
impuissance%helplessness%powerlessness%impotency%impotence
impuissant%impotent%helpless%powerless
impulsif%impulsive
impulsion%impulse%incentive%impulsion%impetus
impulsivité%impulsiveness
impunité%impunity
impur%foul%unclean%impure
impureté%foulness%impurity%uncleanliness
imputation%accusation
imputer%impute%ascribe
inabordable%unattainable%unapproachable
inaccentué%unstressed%unaccented
inacceptable%unacceptable%inadmissible
inaccessible%inaccessible%unattainable%unapproachable%unreachable%unobtainable
inaccompli%unaccomplished%uncompleted
inaccoutumé%strange%unaccustomed%unwonted
inachevé%incomplete%unfinished%unaccomplished%uncompleted
inactif%inactive%passive%idle%inert%dormant
inaction%idleness%inaction%inactivity
inactivité%idleness%inactivity
inadéquat%inadequate%incommensurate
inadmissible%inadmissible
inadvertance%inadvertence%inadvertency%carelessness
inaliénable%inalienable
inanimé%spiritless%lifeless%inanimate
inanition%starvation
inaperçu%unnoticed%unobserved
inappréciable%inestimable%invaluable
inapte%unfit%inapt%incapable
inaptitude%disability%incapability%unfitness
inattaquable%unassailable
inattendu%abrupt%unlooked-for%unforeseen%sudden%unexpected
inattention%incaution%inadvertence%inattention%inattentiveness%carelessness
inaudible%inaudible
inaugural%inaugural%opening
inauguration%inauguration
inaugurer%open%institute%initiate%inaugurate%unveil%start
incalculable%incalculable%countless
incantation%incantation
incapable%unable%ineffective%inadequate%inapt%incompetent%unfit%incapable%inefficient
incapacité%inaptitude%inefficiency%incapability%fecklessness%disability%incapacity%unfitness%inadequacy%inability%incompetence
incarcération%committal%imprisonment%incarceration
incarcérer%jail%incarcerate%imprison%immure%gaol
incarnation%incorporation%embodiment%incarnation
incarné%incarnate
incarner%incarnate%epitomize
incassable%unbreakable
incendiaire%firebug%incendiary%arsonist
incendie%fire%blaze%conflagration
incendier%burn%inflame%fire%light%kindle
incendie volontaire%arson
incertain%precarious%chancy%unsure%doubtful%aleatory%unsettled%uncertain%shaky%dubious%unsafe%undecided%insecure
incertitude%uncertainty%doubt%incertitude
incessant%unremitting%unceasing%incessant%ceaseless%continuous%continual
incessible%non-transferable%nontransferable
inceste%incest
incidemment%incidentally
incidence%incidence%impact
incident%incident%episode%incidental%event%mishap
incinération%incineration%cremation
incinéré%incinerated
incinérer%cremate%burn%incinerate
incirconcis%uncircumcised
inciser%incise
incisif%trenchant%incisive
incision%score%incision
incitation%instigation%incitation%abetment%incitement
incité%incited%irritated
inciter%irritate%provoke%instigate%foment%goad%incite%abet%actuate%vex%excite%stimulate%prompt%urge%impel%inspire%spur on
incivil%uncivil%ungracious
inclinaison%slant%inclination%tilt%tendency%skew%rake%cant%bias%gradient%leaning%slope%declination%dip%trend
inclinant%inclining
inclination%slant%ply%disposition%proclivity%inclination%tilt%tendency%lean%cant%leaning%penchant%slope%list
incliné%tilted%slanting%slanted%inclined%sloping
incliner%tip%slant%incline%tilt%recline%bend
inclure%subsume%encompass%include%comprise%embody%incorporate
inclus%enclosed%inclusive%embedded%included%including
inclusivement%including
incognito%incognito
incohérence%incoherence
incohérent%rambling%incoherent%disjointed
incolore%colourless%colorless
incombustible%fireproof%incombustible
incommensurable%incommensurable%immeasurable
incommodé%uncomfortable
incommoder%trouble%bother%incommode%disturb
incommodité%nuisance%inconvenience%discomfort
incommunicable%incommunicable
incomparable%unparalleled%unrivalled%unmatched%unmatchable%nonpareil%incomparable%matchless
incompatibilité%incompatibility
incompatible%irreconcilable%inconsistent%incompatible
incompétence%incapacity%incapability%incompetence
incompétent%incompetent
incomplet%short%incomplete%unfinished%sketchy%imperfect
incompréhensibilité%incomprehensibility
incompréhensible%incomprehensible%unintelligible
incompréhension%incomprehension
incompressible%incompressible
incompris%misunderstood
inconcevable%unthinkable%incomprehensible%inconceivable
inconciliable%irreconcilable%incompatible
inconditionnel%unquestioning%unqualified%unconditional
inconduite%misbehavior%misbehaviour
inconfortable%uncomfortable
inconfortablement%uncomfortably
incongru%uncouth%incongruous
inconnaissable%unknowable
inconnu%strange%unknown%unfamiliar%unbeknown%obscure%nameless
inconnue%unknown
inconsciemment%unconsciously
inconscience%unconsciousness
inconscient%unaware%subconscious%unconscious
inconséquence%inconsistency%inconsequence
inconséquent%inconsistent%inconsequent
inconsidéré%inconsiderate%rash%unadvised%thoughtless
inconsistant%inconsistent
inconsolable%inconsolable
inconstance%inconstancy%volatility%instability%fickleness
inconstant%volatile%variable%unsteady%inconstant%fickle%flighty%mercurial
inconstitutionnel%unconstitutional
incontestable%undeniable%indisputable%incontestable%unquestionable
incontinence%incontinence
incontinent%incontinent
incontrôlable%unmanageable%uncontrollable
incontrôlé%unchecked%uncontrolled
inconvenance%indelicacy%indecency%impropriety
inconvenant%unseemly%unbecoming%improper%indecorous%indecent
inconvénient%trouble%drawback%inconvenience%disadvantage
inconvertible%inconvertible
incorporant%incorporating
incorporation%incorporation
incorporé%incorporated%built-in%incorporate
incorporel%immaterial%incorporeal%intangible
incorporer%blend%incorporate
incorrect%wrong%untrue%false%improper%indecent%incorrect%faulty
incorrectement%wrongly%incorrectly
